[
  {
    "id": 1,
    "nombre": "Enrique Mendoza",
    "contador": 2,
    "consumo": 7.46,
    "ruta_origen": "madrid",
    "ruta_destino": "alicante"
  },
  {
    "id": 2,
    "nombre": "Fernando Guerrero",
    "contador": 2,
    "consumo": 7.33,
    "ruta_origen": "bilbao",
    "ruta_destino": "valencia"
  },
  {
    "id": 3,
    "nombre": "Ruben Ruiz",
    "contador": 3,
    "consumo": 6.83,
    "ruta_origen": "oporto",
    "ruta_destino": "oviedo"
  },
  {
    "id": 4,
    "nombre": "Victor Torres",
    "contador": 6,
    "consumo": 5.34,
    "ruta_origen": "salamanca",
    "ruta_destino": "graz"
  },
  {
    "id": 5,
    "nombre": "Laura Pascual",
    "contador": 3,
    "consumo": 7.43,
    "ruta_origen": "graz",
    "ruta_destino": "alicante"
  },
  {
    "id": 6,
    "nombre": "Laura Santos",
    "contador": 4,
    "consumo": 6.99,
    "ruta_origen": "gijon",
    "ruta_destino": "oviedo"
  },
  {
    "id": 7,
    "nombre": "Sandra Ortega",
    "contador": 6,
    "consumo": 5.04,
    "ruta_origen": "granada",
    "ruta_destino": "vigo"
  },
  {
    "id": 8,
    "nombre": "Antonio Mendoza",
    "contador": 4,
    "consumo": 6.63,
    "ruta_origen": "oporto",
    "ruta_destino": "madrid"
  },
  {
    "id": 9,
    "nombre": "Lucia Perez",
    "contador": 6,
    "consumo": 6.24,
    "ruta_origen": "oporto",
    "ruta_destino": "santander"
  },
  {
    "id": 10,
    "nombre": "Manuela Molina",
    "contador": 1,
    "consumo": 7.59,
    "ruta_origen": "lisboa",
    "ruta_destino": "santander"
  },
  {
    "id": 11,
    "nombre": "Marta Pascual",
    "contador": 0,
    "consumo": 5.61,
    "ruta_origen": "madrid",
    "ruta_destino": "barcelona"
  },
  {
    "id": 12,
    "nombre": "Manuela Vazquez",
    "contador": 4,
    "consumo": 6.93,
    "ruta_origen": "oporto",
    "ruta_destino": "salamanca"
  },
  {
    "id": 13,
    "nombre": "Javier Garcia",
    "contador": 5,
    "consumo": 6.16,
    "ruta_origen": "madrid",
    "ruta_destino": "oporto"
  },
  {
    "id": 14,
    "nombre": "Fernando Ruiz",
    "contador": 2,
    "consumo": 5.94,
    "ruta_origen": "zaragoza",
    "ruta_destino": "salamanca"
  },
  {
    "id": 15,
    "nombre": "Fernando Castro",
    "contador": 4,
    "consumo": 7.18,
    "ruta_origen": "lisboa",
    "ruta_destino": "santander"
  },
  {
    "id": 16,
    "nombre": "Elena Guerrero",
    "contador": 3,
    "consumo": 5.43,
    "ruta_origen": "zaragoza",
    "ruta_destino": "oporto"
  },
  {
    "id": 17,
    "nombre": "Angel Alonso",
    "contador": 1,
    "consumo": 6.42,
    "ruta_origen": "oporto",
    "ruta_destino": "valencia"
  },
  {
    "id": 18,
    "nombre": "Pilar Moreno",
    "contador": 1,
    "consumo": 5.56,
    "ruta_origen": "valladolid",
    "ruta_destino": "oviedo"
  },
  {
    "id": 19,
    "nombre": "Manuel Ortega",
    "contador": 2,
    "consumo": 7.59,
    "ruta_origen": "bilbao",
    "ruta_destino": "zaragoza"
  },
  {
    "id": 20,
    "nombre": "Manuela Castro",
    "contador": 2,
    "consumo": 7.64,
    "ruta_origen": "madrid",
    "ruta_destino": "cordoba"
  },
  {
    "id": 21,
    "nombre": "Nuria Soto",
    "contador": 4,
    "consumo": 7.18,
    "ruta_origen": "barcelona",
    "ruta_destino": "oporto"
  },
  {
    "id": 22,
    "nombre": "Rafael Ortiz",
    "contador": 2,
    "consumo": 7.09,
    "ruta_origen": "gijon",
    "ruta_destino": "bilbao"
  },
  {
    "id": 23,
    "nombre": "Angela Serrano",
    "contador": 1,
    "consumo": 5,
    "ruta_origen": "madrid",
    "ruta_destino": "alicante"
  }
]